rang,paquet,famille,nb_postes,nb_cve,cve_p1,cve_p2,version_corrigee,gain_cve_urgentes,responsable,date_cible,statut
1,freetype,système,5,5,2,3,2.9.1-3+deb10u3,5,,,à planifier
2,apache2,système,1,40,1,36,2.4.59-1~deb10u1,37,,,à planifier
3,libwebp,système,3,13,1,12,0.6.1-2+deb10u3,13,,,à planifier
4,org.apache.tomcat:tomcat-catalina,applicatif,1,25,1,11,"9.0.96, 10.1.30, 11.0.1",12,,,à planifier
5,glibc,système,4,56,1,9,2.36-9+deb12u7,10,,,à planifier
6,org.apache.tomcat:tomcat-coyote,applicatif,1,16,1,8,"9.0.44, 8.5.64",9,,,à planifier
7,git,système,3,30,1,6,1:2.39.5-0+deb12u3,7,,,à planifier
8,nghttp2,système,3,5,1,2,1.52.0-1+deb12u3,3,,,à planifier
9,imagemagick,système,3,219,0,22,8:6.9.7.4+dfsg-11+deb9u14,22,,,à planifier
10,openssl,système,6,68,0,22,3.0.20-1~deb12u2,22,,,à planifier
