cve_id,niveau,dans_kev,rancongiciel,echeance_kev,epss,cvss,nb_postes,paquets,correctif_dispo
CVE-2023-44487,P1,True,False,2023-10-31,0.99999,7.5,3,"nghttp2, org.apache.tomcat:tomcat-coyote",True
CVE-2021-40438,P1,True,True,2021-12-15,0.99999,9.0,1,apache2,True
CVE-2023-4863,P1,True,False,2023-10-04,0.99979,8.8,2,libwebp,True
CVE-2025-24813,P1,True,False,2025-04-22,0.99927,9.8,1,org.apache.tomcat:tomcat-catalina,True
CVE-2023-4911,P1,True,False,2023-12-12,0.81422,7.8,1,glibc,True
CVE-2020-15999,P1,True,False,2021-11-17,0.44303,9.6,3,freetype,True
CVE-2025-27363,P1,True,False,2025-05-27,0.27775,8.1,1,freetype,True
CVE-2025-48384,P1,True,False,2025-09-15,0.04109,8.1,1,git,True
CVE-2023-50387,P2,False,False,,0.99988,7.5,4,systemd,True
CVE-2024-6387,P2,False,False,,0.99506,8.1,1,openssh,True
CVE-2021-44790,P2,False,False,,0.9684,9.8,1,apache2,True
CVE-2022-2068,P2,False,False,,0.95404,7.3,3,openssl,True
CVE-2023-48795,P2,False,False,,0.93305,5.9,2,openssh,True
CVE-2023-45288,P2,False,False,,0.91969,7.5,1,stdlib,True
CVE-2024-27316,P2,False,False,,0.91327,7.5,1,apache2,True
CVE-2020-11984,P2,False,False,,0.90039,9.8,1,apache2,True
CVE-2025-1094,P2,False,False,,0.9003,8.1,1,postgresql-15,True
CVE-2022-44268,P2,False,False,,0.89855,6.5,1,imagemagick,True
CVE-2022-30522,P2,False,False,,0.89529,7.5,1,apache2,True
CVE-2020-9490,P2,False,False,,0.88844,7.5,1,apache2,True
CVE-2021-21300,P2,False,False,,0.88533,7.5,2,git,True
CVE-2024-2961,P2,False,False,,0.8833,8.8,4,glibc,True
CVE-2021-3711,P2,False,False,,0.87816,9.8,3,openssl,True
CVE-2020-13935,P2,False,False,,0.86608,7.5,1,org.apache.tomcat:tomcat-websocket,True
CVE-2024-28182,P2,False,False,,0.8496,5.3,3,nghttp2,True
CVE-2023-25690,P2,False,False,,0.84508,9.8,1,apache2,True
CVE-2020-36221,P2,False,False,,0.84224,7.5,2,openldap,True
CVE-2020-36228,P2,False,False,,0.84224,7.5,2,openldap,True
CVE-2022-1292,P2,False,False,,0.82612,7.3,4,openssl,True
CVE-2021-44224,P2,False,False,,0.82295,8.2,1,apache2,True
CVE-2023-50868,P2,False,False,,0.81729,7.5,4,systemd,True
CVE-2023-38408,P2,False,False,,0.797,9.8,2,openssh,True
CVE-2023-38545,P2,False,False,,0.78483,9.8,1,curl,True
CVE-2020-36222,P2,False,False,,0.77738,7.5,2,openldap,True
CVE-2020-36227,P2,False,False,,0.77738,7.5,2,openldap,True
CVE-2022-44267,P2,False,False,,0.76581,6.5,1,imagemagick,True
CVE-2023-2650,P2,False,False,,0.75116,6.5,3,openssl,True
CVE-2011-3389,P2,False,False,,0.73327,4.3,1,gnutls28,False
CVE-2022-0778,P2,False,False,,0.73188,7.5,3,openssl,True
CVE-2025-6965,P2,False,False,,0.72547,7.7,1,sqlite3,True
CVE-2022-22719,P2,False,False,,0.69097,7.5,1,apache2,True
CVE-2021-26691,P2,False,False,,0.68289,9.8,1,apache2,True
CVE-2024-6119,P2,False,False,,0.66582,7.5,1,openssl,True
CVE-2025-55752,P2,False,False,,0.66535,7.5,1,org.apache.tomcat:tomcat-catalina,True
CVE-2021-26690,P2,False,False,,0.65308,7.5,1,apache2,True
CVE-2021-34798,P2,False,False,,0.64509,7.5,1,apache2,True
CVE-2022-29155,P2,False,False,,0.64487,9.8,3,openldap,True
CVE-2021-27212,P2,False,False,,0.64147,7.5,2,openldap,True
CVE-2020-13934,P2,False,False,,0.64124,7.5,1,org.apache.tomcat:tomcat-coyote,True
CVE-2021-3449,P2,False,False,,0.63542,5.9,3,openssl,True
CVE-2021-36160,P2,False,False,,0.62887,7.5,1,apache2,True
CVE-2022-37436,P2,False,False,,0.60995,5.3,1,apache2,True
CVE-2019-17567,P2,False,False,,0.60266,5.3,1,apache2,True
CVE-2025-31650,P2,False,False,,0.5992,7.5,1,org.apache.tomcat:tomcat-coyote,True
CVE-2023-0286,P2,False,False,,0.59501,7.4,3,openssl,True
CVE-2023-38039,P2,False,False,,0.58068,7.5,1,curl,True
CVE-2020-13943,P2,False,False,,0.57286,4.3,1,org.apache.tomcat:tomcat-coyote,True
CVE-2020-1927,P2,False,False,,0.56691,6.1,1,apache2,True
CVE-2020-9484,P2,False,False,,0.56636,7.0,1,org.apache.tomcat:tomcat-catalina,True
CVE-2020-11993,P2,False,False,,0.56448,7.5,1,apache2,True
CVE-2022-23521,P2,False,False,,0.56334,9.8,1,git,True
CVE-2020-35452,P2,False,False,,0.54808,7.3,1,apache2,True
CVE-2024-2511,P2,False,False,,0.54026,5.9,4,openssl,True
CVE-2020-1967,P2,False,False,,0.53336,7.5,1,openssl,True
CVE-2021-30641,P2,False,False,,0.52612,5.3,1,apache2,True
CVE-2020-1934,P2,False,False,,0.51951,5.3,1,apache2,True
CVE-2023-25652,P2,False,False,,0.51883,7.5,2,git,True
CVE-2018-25032,P2,False,False,,0.51733,7.5,3,zlib,True
CVE-2021-31618,P2,False,False,,0.51489,7.5,1,apache2,True
CVE-2021-23840,P2,False,False,,0.50732,7.5,3,openssl,True
CVE-2021-3712,P2,False,False,,0.50445,7.4,3,openssl,True
CVE-2022-23943,P2,False,False,,0.50401,9.8,1,apache2,True
CVE-2025-15467,P2,False,False,,0.48211,8.8,1,openssl,True
CVE-2021-33193,P2,False,False,,0.46179,7.5,1,apache2,True
CVE-2019-8457,P2,False,False,,0.45426,9.8,6,"db5.3, sqlite3",False
CVE-2024-50379,P2,False,False,,0.44312,9.8,1,org.apache.tomcat:tomcat-catalina,True
CVE-2022-41903,P2,False,False,,0.44268,9.8,1,git,True
CVE-2022-22721,P2,False,False,,0.41713,9.1,1,apache2,True
CVE-2020-17525,P2,False,False,,0.40075,7.5,1,subversion,True
CVE-2021-39275,P2,False,False,,0.39402,9.8,1,apache2,True
CVE-2024-2398,P2,False,False,,0.36081,8.6,3,curl,True
CVE-2021-23336,P2,False,False,,0.35963,5.9,1,python2.7,True
CVE-2022-25236,P2,False,False,,0.35867,9.8,3,expat,True
CVE-2022-32206,P2,False,False,,0.3216,6.5,2,curl,True
CVE-2025-48988,P2,False,False,,0.30515,7.5,1,org.apache.tomcat:tomcat-catalina,True
CVE-2024-32002,P2,False,False,,0.29234,9.0,2,git,True
CVE-2022-22720,P2,False,False,,0.28189,9.8,1,apache2,True
CVE-2024-29510,P2,False,False,,0.27992,5.5,1,ghostscript,False
CVE-2020-17527,P2,False,False,,0.24622,7.5,1,org.apache.tomcat:tomcat-coyote,True
CVE-2022-38900,P2,False,False,,0.23789,7.5,1,decode-uri-component,True
CVE-2021-3177,P2,False,False,,0.23293,9.8,1,python2.7,True
CVE-2024-24549,P2,False,False,,0.23072,7.5,1,org.apache.tomcat:tomcat-coyote,True
CVE-2022-40303,P2,False,False,,0.22965,7.5,2,libxml2,True
CVE-2021-30560,P2,False,False,,0.21623,8.8,1,libxslt,True
CVE-2022-26377,P2,False,False,,0.21079,7.5,1,apache2,True
CVE-2019-6110,P2,False,False,,0.20906,6.8,1,openssh,False
CVE-2023-24329,P2,False,False,,0.20459,7.5,2,"python2.7, python3.11",True
CVE-2022-4450,P2,False,False,,0.20444,7.5,3,openssl,True
CVE-2023-51385,P2,False,False,,0.19753,6.5,2,openssh,True
CVE-2024-21626,P2,False,False,,0.18087,8.6,1,github.com/opencontainers/runc,True
CVE-2019-5482,P2,False,False,,0.17939,9.8,1,curl,True
CVE-2022-37434,P2,False,False,,0.17852,9.8,3,zlib,True
CVE-2020-13777,P2,False,False,,0.17507,7.4,2,gnutls28,True
CVE-2024-7264,P2,False,False,,0.17301,6.5,1,curl,True
CVE-2022-4304,P2,False,False,,0.16195,5.9,3,openssl,True
CVE-2022-24999,P2,False,False,,0.15064,7.5,1,qs,True
CVE-2019-1551,P2,False,False,,0.14298,5.3,3,openssl,True
CVE-2024-21733,P2,False,False,,0.14286,5.3,1,org.apache.tomcat:tomcat-coyote,True
CVE-2017-9746,P2,False,False,,0.14207,7.8,1,binutils,False
CVE-2017-9749,P2,False,False,,0.14145,7.8,1,binutils,False
CVE-2017-9750,P2,False,False,,0.13242,7.8,1,binutils,False
CVE-2017-9742,P2,False,False,,0.13184,7.8,1,binutils,False
CVE-2017-9756,P2,False,False,,0.13184,7.8,1,binutils,False
CVE-2017-8871,P2,False,False,,0.12996,6.5,1,libcroco,False
CVE-2020-15778,P2,False,False,,0.12996,7.4,1,openssh,False
CVE-2017-9747,P2,False,False,,0.12837,7.8,1,binutils,False
CVE-2017-9748,P2,False,False,,0.12837,7.8,1,binutils,False
CVE-2020-36230,P2,False,False,,0.1229,7.5,2,openldap,True
CVE-2019-13115,P2,False,False,,0.11659,8.1,2,libssh2,True
CVE-2021-3737,P2,False,False,,0.11586,7.5,1,python2.7,True
CVE-2020-10543,P2,False,False,,0.11334,8.2,2,perl,True
CVE-2017-14939,P2,False,False,,0.11302,5.5,1,binutils,False
CVE-2021-31535,P2,False,False,,0.10634,9.8,2,libx11,True
CVE-2019-19012,P2,False,False,,0.10539,9.8,1,libonig,False
CVE-2021-36222,P2,False,False,,0.10276,7.5,2,krb5,True
CVE-2009-3546,P2,False,False,,0.1021,9.3,1,libwmf,False
CVE-2020-5260,P2,False,False,,0.10047,7.5,1,git,True
CVE-2020-8285,P2,False,False,,0.0977,7.5,2,curl,True
CVE-2019-0215,P2,False,False,,0.09577,7.5,1,apache2,True
CVE-2019-17543,P2,False,False,,0.09116,8.1,6,lz4,False
CVE-2021-3517,P2,False,False,,0.0828,8.6,2,libxml2,True
CVE-2019-19603,P2,False,False,,0.0825,7.5,2,sqlite3,False
CVE-2023-34152,P2,False,False,,0.08011,9.8,1,imagemagick,False
CVE-2019-12900,P2,False,False,,0.07977,9.8,3,bzip2,False
CVE-2020-7595,P2,False,False,,0.07836,7.5,2,libxml2,True
CVE-2019-5481,P2,False,False,,0.07465,9.8,1,curl,True
CVE-2019-19204,P2,False,False,,0.06889,7.5,1,libonig,False
CVE-2019-19923,P2,False,False,,0.0681,7.5,2,sqlite3,True
CVE-2019-19925,P2,False,False,,0.0681,7.5,2,sqlite3,True
CVE-2022-42898,P2,False,False,,0.06419,8.8,2,krb5,True
CVE-2023-28879,P2,False,False,,0.06341,9.8,1,ghostscript,True
CVE-2022-28615,P2,False,False,,0.06284,9.1,1,apache2,True
CVE-2024-52316,P2,False,False,,0.06246,9.8,1,org.apache.tomcat:tomcat-catalina,True
CVE-2022-29404,P2,False,False,,0.06229,7.5,1,apache2,True
CVE-2017-16932,P2,False,False,,0.0601,7.5,2,libxml2,False
CVE-2022-23308,P2,False,False,,0.0601,7.5,2,libxml2,True
CVE-2020-12723,P2,False,False,,0.05971,7.5,2,perl,True
CVE-2023-43115,P2,False,False,,0.05959,8.8,1,ghostscript,False
CVE-2024-5535,P2,False,False,,0.05582,9.1,1,openssl,True
CVE-2019-19956,P2,False,False,,0.0556,7.5,2,libxml2,True
CVE-2020-6096,P2,False,False,,0.05354,8.1,3,glibc,True
CVE-2020-11080,P2,False,False,,0.05316,7.5,2,nghttp2,True
CVE-2022-30556,P2,False,False,,0.05144,7.5,1,apache2,True
CVE-2022-1271,P2,False,False,,0.0507,8.8,3,"gzip, xz-utils",True
CVE-2022-48565,P2,False,False,,0.05065,9.8,1,python2.7,True
CVE-2020-6851,P2,False,False,,0.04973,7.5,1,openjpeg2,True
CVE-2022-25235,P2,False,False,,0.04955,9.8,3,expat,True
CVE-2020-10878,P2,False,False,,0.04879,8.6,2,perl,True
CVE-2022-22822,P2,False,False,,0.04829,9.8,3,expat,True
CVE-2022-25315,P2,False,False,,0.04821,9.8,3,expat,True
CVE-2022-23218,P2,False,False,,0.04729,9.8,3,glibc,True
CVE-2022-25314,P2,False,False,,0.04693,7.5,3,expat,True
CVE-2020-8286,P2,False,False,,0.04631,7.5,2,curl,True
CVE-2017-11462,P2,False,False,,0.04613,9.8,2,krb5,False
CVE-2021-44906,P2,False,False,,0.04581,9.8,1,minimist,True
CVE-2022-23852,P2,False,False,,0.04563,9.8,3,expat,True
CVE-2021-22946,P2,False,False,,0.04539,7.5,2,curl,True
CVE-2023-0215,P2,False,False,,0.04494,7.5,3,openssl,True
CVE-2022-32221,P2,False,False,,0.04448,9.8,2,curl,True
CVE-2020-28196,P2,False,False,,0.04417,7.5,2,krb5,True
CVE-2019-20388,P2,False,False,,0.04387,7.5,2,libxml2,True
CVE-2020-36223,P2,False,False,,0.043,7.5,2,openldap,True
CVE-2020-36224,P2,False,False,,0.043,7.5,2,openldap,True
CVE-2020-36225,P2,False,False,,0.043,7.5,2,openldap,True
CVE-2020-36226,P2,False,False,,0.043,7.5,2,openldap,True
CVE-2020-36229,P2,False,False,,0.043,7.5,2,openldap,True
CVE-2021-45960,P2,False,False,,0.04234,8.8,3,expat,True
CVE-2022-23219,P2,False,False,,0.04211,9.8,3,glibc,True
CVE-2022-24407,P2,False,False,,0.04123,8.8,2,cyrus-sasl2,True
CVE-2017-12652,P2,False,False,,0.04113,9.8,1,libpng1.6,False
CVE-2021-27218,P2,False,False,,0.0408,7.5,2,glib2.0,True
CVE-2019-19203,P2,False,False,,0.04052,7.5,1,libonig,False
CVE-2019-13224,P2,False,False,,0.04047,9.8,1,libonig,False
CVE-2025-31651,P2,False,False,,0.04047,9.8,1,org.apache.tomcat:tomcat-catalina,True
CVE-2022-23990,P2,False,False,,0.03992,7.5,3,expat,True
CVE-2023-38709,P2,False,False,,0.03914,7.3,1,apache2,True
CVE-2019-17498,P2,False,False,,0.03793,8.1,2,libssh2,True
CVE-2020-8231,P2,False,False,,0.03766,7.5,2,curl,True
CVE-2021-20231,P2,False,False,,0.03751,9.8,3,gnutls28,True
CVE-2020-24659,P2,False,False,,0.0373,7.5,3,gnutls28,True
CVE-2021-43618,P2,False,False,,0.03712,7.5,3,gmp,True
CVE-2019-18224,P2,False,False,,0.03708,9.8,1,libidn2,True
CVE-2023-0464,P2,False,False,,0.03658,7.5,3,openssl,True
CVE-2021-3518,P2,False,False,,0.03653,8.8,2,libxml2,True
CVE-2020-8112,P2,False,False,,0.03624,8.8,1,openjpeg2,True
CVE-2019-20218,P2,False,False,,0.03622,7.5,2,sqlite3,True
CVE-2006-20001,P2,False,False,,0.03546,7.5,1,apache2,True
CVE-2022-31813,P2,False,False,,0.03543,9.8,1,apache2,True
CVE-2018-14404,P2,False,False,,0.03529,7.5,2,libxml2,True
CVE-2020-29363,P2,False,False,,0.03528,7.5,3,p11-kit,True
CVE-2020-8169,P2,False,False,,0.03469,7.5,2,curl,True
CVE-2021-20232,P2,False,False,,0.03444,9.8,3,gnutls28,True
CVE-2018-14553,P2,False,False,,0.03435,7.5,2,libgd2,True
CVE-2022-22823,P2,False,False,,0.03404,9.8,3,expat,True
CVE-2022-22824,P2,False,False,,0.03404,9.8,3,expat,True
CVE-2022-1586,P2,False,False,,0.03366,9.1,1,pcre2,True
CVE-2020-29361,P2,False,False,,0.03363,7.5,3,p11-kit,True
CVE-2022-27406,P2,False,False,,0.03326,7.5,4,freetype,True
CVE-2022-1664,P2,False,False,,0.0324,9.8,4,dpkg,True
CVE-2021-39537,P2,False,False,,0.03231,8.8,3,ncurses,True
CVE-2020-13790,P2,False,False,,0.03205,8.1,2,libjpeg-turbo,True
CVE-2021-3520,P2,False,False,,0.0319,9.8,3,lz4,True
CVE-2019-15847,P2,False,False,,0.03181,7.5,3,gcc-8,False
CVE-2023-45853,P2,False,False,,0.03179,9.8,4,zlib,False
CVE-2019-19959,P2,False,False,,0.03156,7.5,2,sqlite3,True
CVE-2022-23806,P2,False,False,,0.03099,9.1,1,stdlib,True
CVE-2021-3326,P2,False,False,,0.03093,7.5,3,glibc,True
CVE-2023-31122,P2,False,False,,0.03003,7.5,1,apache2,True
CVE-2021-27219,P2,False,False,,0.02993,7.5,2,glib2.0,True
CVE-2019-12290,P2,False,False,,0.02985,7.5,3,libidn2,False
CVE-2019-19246,P2,False,False,,0.02942,7.5,1,libonig,False
CVE-2022-27782,P2,False,False,,0.0293,7.5,2,curl,True
CVE-2024-4741,P2,False,False,,0.02925,7.5,4,openssl,True
CVE-2021-33574,P2,False,False,,0.02874,9.8,3,glibc,True
CVE-2020-25709,P2,False,False,,0.02858,7.5,2,openldap,True
CVE-2022-27405,P2,False,False,,0.02829,7.5,4,freetype,True
CVE-2019-20367,P2,False,False,,0.02805,9.1,3,libbsd,True
CVE-2022-22826,P2,False,False,,0.02801,8.8,3,expat,True
CVE-2022-22827,P2,False,False,,0.02801,8.8,3,expat,True
CVE-2019-1010022,P2,False,False,,0.02778,9.8,1,glibc,False
CVE-2022-1587,P2,False,False,,0.02767,9.1,1,pcre2,True
CVE-2019-16163,P2,False,False,,0.02752,7.5,1,libonig,False
CVE-2022-27781,P2,False,False,,0.02747,7.5,2,curl,True
CVE-2020-12268,P2,False,False,,0.0274,9.8,1,jbig2dec,True
CVE-2022-27404,P2,False,False,,0.02736,9.8,4,freetype,True
CVE-2021-3580,P2,False,False,,0.02708,7.5,3,nettle,True
CVE-2022-2309,P2,False,False,,0.02703,7.5,2,libxml2,False
CVE-2020-25710,P2,False,False,,0.02666,7.5,2,openldap,True
CVE-2020-36328,P2,False,False,,0.02662,9.8,2,libwebp,True
CVE-2022-22825,P2,False,False,,0.02636,8.8,3,expat,True
CVE-2021-35942,P2,False,False,,0.02605,9.1,3,glibc,True
CVE-2023-26136,P2,False,False,,0.02542,9.8,1,tough-cookie,True
CVE-2018-25011,P2,False,False,,0.02513,9.8,2,libwebp,True
CVE-2022-43680,P2,False,False,,0.02445,7.5,3,expat,True
CVE-2021-20312,P2,False,False,,0.0238,7.5,1,imagemagick,True
CVE-2021-33560,P2,False,False,,0.02342,7.5,6,libgcrypt20,False
CVE-2020-36329,P2,False,False,,0.02319,9.8,2,libwebp,True
CVE-2021-20309,P2,False,False,,0.02315,7.5,1,imagemagick,True
CVE-2020-36331,P2,False,False,,0.02302,9.1,2,libwebp,True
CVE-2023-24538,P2,False,False,,0.02281,9.8,1,stdlib,True
CVE-2023-28531,P2,False,False,,0.02267,9.8,1,openssh,True
CVE-2018-25010,P2,False,False,,0.02235,9.1,2,libwebp,True
CVE-2018-25014,P2,False,False,,0.0223,9.8,2,libwebp,True
CVE-2020-36330,P2,False,False,,0.0223,9.1,2,libwebp,True
CVE-2020-25692,P2,False,False,,0.02209,7.5,2,openldap,True
CVE-2022-40674,P2,False,False,,0.02208,8.1,3,expat,True
CVE-2023-27534,P2,False,False,,0.02195,8.8,2,curl,True
CVE-2013-0337,P2,False,False,,0.02195,7.5,1,nginx,False
CVE-2021-46848,P2,False,False,,0.02192,9.1,3,libtasn1-6,True
CVE-2023-52356,P2,False,False,,0.02187,7.5,3,tiff,True
CVE-2022-22576,P2,False,False,,0.02161,8.1,2,curl,True
CVE-2023-27522,P2,False,False,,0.02134,7.5,1,apache2,True
CVE-2018-12886,P2,False,False,,0.0212,8.1,6,"gcc-6, gcc-8",False
CVE-2018-25009,P2,False,False,,0.021,9.1,2,libwebp,True
CVE-2018-25012,P2,False,False,,0.02051,9.1,2,libwebp,True
CVE-2018-25013,P2,False,False,,0.02051,9.1,2,libwebp,True
CVE-2023-27533,P2,False,False,,0.01993,8.8,2,curl,True
CVE-2020-36332,P2,False,False,,0.01966,7.5,3,libwebp,True
CVE-2024-24790,P2,False,False,,0.01952,9.8,1,stdlib,True
CVE-2023-2953,P2,False,False,,0.01947,7.5,3,openldap,False
CVE-2022-36760,P2,False,False,,0.01879,9.0,1,apache2,True
CVE-2022-2509,P2,False,False,,0.01863,7.5,3,gnutls28,True
CVE-2024-37371,P2,False,False,,0.01863,9.1,1,krb5,True
CVE-2023-52355,P2,False,False,,0.01829,7.5,3,tiff,False
CVE-2019-5815,P2,False,False,,0.01817,7.5,1,libxslt,True
CVE-2023-52425,P2,False,False,,0.01815,7.5,4,expat,True
CVE-2020-21598,P2,False,False,,0.01814,8.8,1,libde265,True
CVE-2021-20313,P2,False,False,,0.01797,7.5,1,imagemagick,True
CVE-2021-20305,P2,False,False,,0.01687,8.1,3,nettle,True
CVE-2026-41293,P2,False,False,,0.0168,9.8,1,org.apache.tomcat:tomcat-coyote,True
CVE-2023-3138,P2,False,False,,0.01656,7.5,2,libx11,True
CVE-2022-3515,P2,False,False,,0.01648,9.8,1,libksba,True
CVE-2024-0553,P2,False,False,,0.01614,7.5,4,gnutls28,True
CVE-2023-42282,P2,False,False,,0.01613,9.8,1,ip,True
CVE-2026-49261,P2,False,False,,0.01582,9.8,1,mariadb,True
CVE-2023-24540,P2,False,False,,0.0156,9.8,1,stdlib,True
CVE-2025-49796,P2,False,False,,0.01558,9.1,1,libxml2,True
CVE-2022-47629,P2,False,False,,0.0155,9.8,1,libksba,True
CVE-2023-31484,P2,False,False,,0.01548,8.1,4,perl,True
CVE-2022-0891,P2,False,False,,0.01542,7.1,2,tiff,True
CVE-2022-48541,P2,False,False,,0.01472,7.1,1,imagemagick,True
CVE-2024-33871,P2,False,False,,0.01425,8.8,1,ghostscript,False
CVE-2023-0361,P2,False,False,,0.01415,7.4,3,gnutls28,True
CVE-2017-6363,P2,False,False,,0.01399,8.1,2,libgd2,False
CVE-2024-45492,P2,False,False,,0.01393,9.8,1,expat,True
CVE-2024-25062,P2,False,False,,0.01375,7.5,3,libxml2,True
CVE-2020-19498,P2,False,False,,0.01368,8.8,1,libheif,False
CVE-2020-19499,P2,False,False,,0.01368,8.8,1,libheif,False
CVE-2020-23109,P2,False,False,,0.01345,8.1,1,libheif,False
CVE-2022-3970,P2,False,False,,0.01331,8.8,2,tiff,True
CVE-2026-43512,P2,False,False,,0.01326,9.8,1,org.apache.tomcat:tomcat-catalina,True
CVE-2024-33599,P2,False,False,,0.0131,7.6,4,glibc,True
CVE-2022-46285,P2,False,False,,0.01273,7.5,1,libxpm,True
CVE-2024-5171,P2,False,False,,0.01264,9.8,1,aom,True
CVE-2023-5841,P2,False,False,,0.01258,9.1,1,openexr,False
CVE-2024-52533,P2,False,False,,0.01254,9.8,1,glib2.0,True
CVE-2023-7104,P2,False,False,,0.01249,7.3,3,sqlite3,True
CVE-2020-35527,P2,False,False,,0.01247,9.8,2,sqlite3,True
CVE-2022-44617,P2,False,False,,0.01247,7.5,1,libxpm,True
CVE-2026-43515,P2,False,False,,0.01221,9.1,1,org.apache.tomcat:tomcat-catalina,True
CVE-2022-4883,P2,False,False,,0.01199,8.8,1,libxpm,True
CVE-2024-56171,P2,False,False,,0.01178,9.8,1,libxml2,True
CVE-2023-6879,P2,False,False,,0.01175,9.8,1,aom,False
CVE-2024-45491,P2,False,False,,0.0113,9.8,1,expat,True
CVE-2020-22218,P2,False,False,,0.01099,7.5,2,libssh2,True
CVE-2020-27752,P2,False,False,,0.01086,7.1,2,imagemagick,False
CVE-2019-14855,P2,False,False,,0.01077,7.5,6,gnupg2,False
CVE-2020-35525,P2,False,False,,0.01061,7.5,2,sqlite3,True
CVE-2026-42010,P2,False,False,,0.0105,9.8,1,gnutls28,True
CVE-2023-43887,P2,False,False,,0.00979,8.1,2,libde265,True
CVE-2021-40211,P2,False,False,,0.00953,7.5,1,imagemagick,True
CVE-2023-1999,P2,False,False,,0.00952,7.5,2,libwebp,True
CVE-2023-49468,P2,False,False,,0.00867,8.8,2,libde265,True
CVE-2025-53101,P2,False,False,,0.00861,9.8,1,imagemagick,True
CVE-2023-27103,P2,False,False,,0.0085,8.8,2,libde265,True
CVE-2023-25434,P2,False,False,,0.00843,8.8,2,tiff,True
CVE-2025-49794,P2,False,False,,0.00833,9.1,1,libxml2,True
CVE-2025-14087,P2,False,False,,0.00826,9.8,1,glib2.0,True
CVE-2025-22871,P2,False,False,,0.00811,9.1,1,stdlib,True
CVE-2026-33845,P2,False,False,,0.00805,9.1,1,gnutls28,True
CVE-2023-49465,P2,False,False,,0.00798,8.8,2,libde265,True
CVE-2025-68121,P2,False,False,,0.00778,10.0,1,stdlib,True
CVE-2026-65905,P2,False,False,,0.00769,9.8,1,org.apache.tomcat:tomcat-catalina,True
CVE-2023-49467,P2,False,False,,0.00768,8.8,2,libde265,True
CVE-2023-29499,P2,False,False,,0.00768,7.5,1,glib2.0,True
CVE-2026-11856,P2,False,False,,0.00688,9.8,1,curl,False
CVE-2026-44172,P2,False,False,,0.00678,9.1,1,mariadb,True
CVE-2024-38428,P2,False,False,,0.00672,9.1,2,wget,True
CVE-2026-23876,P2,False,False,,0.00663,9.8,1,imagemagick,True
CVE-2026-8924,P2,False,False,,0.00661,9.1,1,curl,False
CVE-2025-53014,P2,False,False,,0.00645,9.8,1,imagemagick,True
CVE-2026-68525,P2,False,False,,0.00631,9.1,1,org.apache.tomcat:tomcat-catalina,True
CVE-2026-34182,P2,False,False,,0.00607,9.1,1,openssl,True
CVE-2026-10536,P2,False,False,,0.00598,9.8,1,curl,False
CVE-2026-65182,P2,False,False,,0.0059,9.1,1,org.apache.tomcat:tomcat-catalina,True
CVE-2026-58016,P2,False,False,,0.00545,9.1,1,glib2.0,False
CVE-2026-8927,P2,False,False,,0.005,9.1,1,curl,False
CVE-2026-42216,P2,False,False,,0.00465,9.1,1,openexr,False
CVE-2026-25986,P2,False,False,,0.00461,9.8,1,imagemagick,True
CVE-2026-32327,P2,False,False,,0.00458,9.1,1,apr-util,True
CVE-2026-8376,P2,False,False,,0.00443,9.8,1,perl,False
CVE-2026-25983,P2,False,False,,0.00435,9.8,1,imagemagick,True
CVE-2026-13221,P2,False,False,,0.00432,9.1,1,perl,False
CVE-2026-42496,P2,False,False,,0.0043,9.1,1,perl,False
CVE-2026-56367,P2,False,False,,0.00418,9.1,1,imagemagick,True
CVE-2026-26284,P2,False,False,,0.00404,9.1,1,imagemagick,True
CVE-2026-42217,P2,False,False,,0.00393,9.8,1,openexr,False
CVE-2026-25987,P2,False,False,,0.0037,9.1,1,imagemagick,True
CVE-2026-6653,P2,False,False,,0.00355,9.8,1,libxml2,False
CVE-2026-34191,P2,False,False,,0.00349,9.1,1,apr-util,True
CVE-2026-25898,P2,False,False,,0.00348,9.1,1,imagemagick,True
CVE-2026-25897,P2,False,False,,0.00302,9.8,1,imagemagick,True
CVE-2026-60002,P2,False,False,,0.003,9.4,1,openssh,False
CVE-2025-57807,P2,False,False,,0.00294,9.8,1,imagemagick,True
CVE-2026-25968,P2,False,False,,0.00272,9.8,1,imagemagick,True
CVE-2026-31789,P2,False,False,,0.00243,9.8,1,openssl,True
CVE-2025-66614,P2,False,False,,0.00239,9.1,1,org.apache.tomcat:tomcat-coyote,True
CVE-2025-7458,P2,False,False,,0.00237,9.1,1,sqlite3,False
CVE-2026-25971,P2,False,False,,0.00208,9.8,1,imagemagick,True
